CO2,TVOC,Temperature
408,1,19.381414
408,1,19.381414
0,0,19.381414
0,0,19.381414
0,0,19.381414
400,0,19.381414
403,0,19.381414
403,0,19.381414
403,0,19.963636
408,1,19.629377
